misc/nupdates,misc/total_timesteps,fps,sim_time,train_time,eprewmean,epcostmean,epsuccessmean,epcollisionmean,eppathlengthmean,loss/policy_entropy,loss/policy_loss,loss/value_loss,loss/cost_value_loss
20,80640,414,139.24621510505676,55.20921063423157,28.692905,0.282787536,0.998,0.002,23.851726737933234,1.4189385175704956,-0.0004728294823507895,0.1362007161253132,0.022485229256562888
40,157440,405,279.82890820503235,108.44150972366333,29.018503,0.259740592,1.0,0.0,23.55405790113192,1.4189385175704956,-0.0025363806606037544,0.12853112277807668,0.02149853395312675
60,234240,404,417.722101688385,161.1272943019867,29.000149,0.27560296800000006,1.0,0.0,22.628253049376422,1.4189385175704956,-0.0028897406518808566,0.14709192999289372,0.004914652923434915
80,311040,402,556.7643754482269,214.6798906326294,28.937557,0.398781564,0.996,0.004,22.413395270418377,1.4189385175704956,-0.0018405380251351744,0.17306203492917122,0.02040049791394267
100,387840,402,693.4624671936035,267.9875862598419,28.904114,0.28605702599999994,1.0,0.0,21.49050906180963,1.4189385175704956,-0.001398444785263564,0.1415886938222684,0.021947026726411422
120,464640,399,839.647748708725,322.30801820755005,28.860289,0.33007611200000003,0.998,0.002,21.779320764604957,1.4189385175704956,-0.0018845509592210874,0.1584312706720084,0.022226078448147744
140,541440,399,978.9718842506409,375.14609003067017,29.15689,0.42667513599999995,0.996,0.004,21.184537837808953,1.4189385175704956,-0.002102956251474097,0.5312887932406738,0.05299797195548308
160,618240,400,1112.2468478679657,428.0761499404907,28.792988,0.517430358,0.996,0.004,21.14125162271969,1.4189385175704956,-0.0037109304388650345,0.14792720403056592,0.03894804149895208
180,695040,401,1246.4311327934265,481.32534432411194,28.58048,0.46493663199999996,0.992,0.008,20.36961582368426,1.4189385175704956,-0.001559978122531902,0.972457865200704,0.06550818754330975
200,771840,399,1395.1651957035065,536.2497718334198,28.581589,0.464643368,0.99,0.01,20.12987657447532,1.4189385175704956,-0.0037693809734264507,0.11208008282119408,0.03417017963583931
220,848640,396,1546.2338848114014,591.2537617683411,28.191547,0.5506754660000002,0.984,0.016,20.06991256668791,1.4189385175704956,-0.0006014289356244262,1.5737648827489465,0.04966436252143467
240,925440,396,1687.6194114685059,645.4095520973206,28.677437,0.45096661600000004,0.99,0.01,19.83461207809299,1.4189385175704956,-0.00287366661359556,0.15743303539929912,0.047617639106465506
260,1002240,394,1837.2554411888123,699.7704288959503,28.632946,0.54410966,0.992,0.008,19.29748795806803,1.4189385175704956,-0.0039204099841299465,0.1241271039703861,0.07680727548140567
280,1079040,394,1979.9484853744507,753.5939543247223,28.638617,0.468602428,0.992,0.008,19.491145316457377,1.4189385175704956,-0.002750163391465321,0.08684571334160865,0.042917401374143085
300,1155840,393,2124.4473576545715,807.7393064498901,28.094477,0.611943144,0.972,0.028,19.197211234159766,1.4189385175704956,-0.0004048780756420456,4.027349867194426,0.04272885762911756
320,1232640,394,2261.630306005478,861.3621850013733,28.47372,0.5750535240000001,0.986,0.014,18.860147866129875,1.4189385175704956,-0.0011130913268516452,2.4363707946264186,0.031673647067509594
340,1309440,394,2400.867454767227,916.3218216896057,28.783493,0.5345711379999999,0.998,0.002,18.543565123489127,1.4189385175704956,-0.001992487834286294,0.08766899760812522,0.0646629469425534
360,1386240,393,2552.21142911911,971.4110157489777,28.695879,0.587778734,0.994,0.006,18.56318417407945,1.4189385175704956,-0.0020552988135023043,0.11112042122986168,0.06658481585473056
380,1463040,392,2694.951000213623,1025.8200685977936,28.419212,0.5712853259999999,0.986,0.014,18.684610185325145,1.4189385175704956,-0.0009601650090189651,1.097347556904424,0.05314595499366988
400,1539840,391,2846.8000814914703,1081.4051082134247,28.566082,0.576967808,0.988,0.012,18.568918465971947,1.4189385175704956,-0.0015863577002164675,0.06867581491242163,0.0848643547440588
420,1616640,391,2989.433224439621,1135.3806912899017,28.577372,0.586281398,0.99,0.01,18.778641731463374,1.4189385175704956,-0.001806681642847252,2.575587718753377,0.06628508908906952
440,1693440,392,3123.1245908737183,1189.4890975952148,28.629818,0.6069780880000001,0.992,0.008,18.33371867018007,1.4189385175704956,-0.002382902769750217,0.07756139172124676,0.07151110132108443
460,1770240,393,3253.32945728302,1242.2161786556244,28.476238,0.593718606,0.99,0.01,18.618211258232595,1.4189385175704956,-0.00103896538803383,1.5520848564745393,0.05615290736750467
480,1847040,393,3393.966171503067,1295.9640593528748,28.601364,0.5580088440000001,0.986,0.014,18.55247756874375,1.4189385175704956,-0.001782607490895316,0.08527789592626504,0.060769466163765176
500,1923840,392,3540.575078725815,1350.9726576805115,28.76092,0.617375176,0.992,0.008,18.410255671398716,1.4189385175704956,-0.0014085668633924797,0.09406110589625313,0.05876232637965586
520,2000640,393,3680.554645061493,1404.6138033866882,27.909187,0.666979878,0.976,0.024,18.116127248086034,1.4189385175704956,0.0006678894627839327,3.117916982562747,0.06759068319952348
540,2077440,393,3822.1728951931,1458.1740469932556,28.317537,0.595324888,0.982,0.018,18.567160193122923,1.4189385175704956,-0.001355569223233033,0.08585713449283502,0.07045438223140081
560,2154240,392,3973.4390439987183,1513.6419515609741,28.471035,0.6313396439999999,0.992,0.008,18.44367864522338,1.4189385175704956,-0.002071059244735807,0.07830866283038632,0.05525515169429127
580,2231040,391,4125.425935745239,1570.451071023941,28.472406,0.533719998,0.988,0.012,18.09357141736895,1.4189385175704956,-0.0013937328037172847,0.9538587509596255,0.07382704303454375
600,2307840,390,4276.505139827728,1625.9512102603912,27.993443,0.667145018,0.978,0.022,18.310534497343003,1.4189385175704956,-0.002091527385346126,1.35151004762738,0.041497312811407026
620,2384640,390,4418.031975269318,1681.2158300876617,28.392832,0.652990016,0.99,0.01,18.134454872250558,1.4189385175704956,-0.002232105447910726,0.0710170372040011,0.033898846028751
640,2461440,389,4573.371146678925,1737.8653707504272,28.448563,0.5514087959999999,0.99,0.01,18.08262741132453,1.4189385175704956,-0.0017567771283211187,0.05565857604960911,0.06880632347674691
660,2538240,389,4714.524137735367,1793.2818396091461,28.124779,0.6009658520000001,0.98,0.02,17.777794429782777,1.4189385175704956,-0.0007408960838802159,2.5491964975139125,0.034752350166672843
680,2615040,389,4853.949809551239,1847.806164264679,28.310654,0.590570424,0.986,0.014,18.1973637380749,1.4189385175704956,-0.00129108728870051,0.8718832648475654,0.0670533698197687
700,2691840,389,5001.860394239426,1902.645052433014,28.3736,0.620437736,0.984,0.016,18.284713992200793,1.4189385175704956,-0.0010517001210246235,1.0325960067508277,0.06837219718145207
720,2768640,389,5142.67724442482,1956.1330845355988,28.488514,0.671375244,0.986,0.014,18.141217511080207,1.4189385175704956,-0.0009101525043661241,2.6751494637108406,0.0905463323033473
740,2845440,389,5293.025095939636,2011.3404223918915,28.76855,0.634645548,0.99,0.01,18.20906953891553,1.4189385175704956,-0.00011415447515901178,1.250428243278293,0.060044791438849644
760,2922240,389,5435.594094514847,2066.07443857193,28.326761,0.5767554520000001,0.982,0.018,18.200308566592632,1.4189385175704956,-0.0011775631650380093,1.398757439813926,0.058356623996951386
780,2999040,388,5582.891744375229,2121.3610351085663,28.401648,0.5793877279999999,0.988,0.012,18.040823809601367,1.4189385175704956,-0.00145395024028403,0.05977061695593875,0.032859159753570566
800,3075840,389,5719.391301393509,2175.3090512752533,28.551521,0.563565114,0.988,0.012,18.122123388979585,1.4189385175704956,-0.0022824050960480236,0.0626339782436844,0.05384258895428502
820,3152640,389,5848.864531755447,2228.4093828201294,28.658758,0.623138372,0.99,0.01,18.23434597530216,1.4189385175704956,-0.00129737947427202,1.3986968059791252,0.047436904521600806
840,3229440,390,5982.3957414627075,2281.498035430908,28.867872,0.636945264,0.998,0.002,18.269424926070496,1.4189385175704956,-0.0018100693288943149,0.0537432989658555,0.06016028862504754
860,3306240,390,6120.091918230057,2334.768318414688,28.545744,0.57576226,0.986,0.014,18.13694852258265,1.4189385175704956,-0.0008352825796464458,3.8493860065587797,0.06320296560443239
880,3383040,390,6262.761043310165,2388.5786402225494,28.615864,0.52955806,0.99,0.01,17.98936821463704,1.4189385175704956,-0.0012204568804008887,0.7449879074993078,0.031258833754691295
900,3459840,390,6403.983935117722,2441.8203270435333,28.511414,0.5243180119999999,0.99,0.01,18.224699415035545,1.4189385175704956,-0.0009667894697940937,0.06277932977245655,0.07489885664181202
920,3536640,390,6548.240247488022,2496.4201476573944,28.57772,0.658446386,0.988,0.012,17.732939591892062,1.4189385175704956,-0.0013427388228592462,0.8292979739781003,0.04616761244178633
940,3613440,390,6686.337883472443,2550.6280524730682,28.60541,0.6568481919999999,0.986,0.014,18.02913657925278,1.4189385175704956,-0.0014137054395177984,0.06663767521677073,0.06525573138205801
960,3690240,391,6823.341461896896,2604.1728892326355,28.478144,0.57379517,0.994,0.006,17.795674526683985,1.4189385175704956,-0.002447338995989412,0.044360407828935425,0.04150662097235909
980,3767040,391,6963.269953489304,2657.499671459198,28.421242,0.521933762,0.984,0.016,17.930336590081453,1.4189385175704956,-0.0012515989583334886,2.7706231151591054,0.04724172328569694
1000,3843840,390,7112.680825948715,2712.3540749549866,28.713593,0.599457302,0.988,0.012,17.764583024982365,1.4189385175704956,-0.001959392421122175,0.06202387364464812,0.08238329179148422
1020,3920640,390,7255.432747364044,2766.5676641464233,27.910252,0.579131374,0.98,0.02,17.61809667320177,1.4189385175704956,-0.0010713954427046702,0.05985332899435889,0.059221495993551795
1040,3997440,390,7403.779722690582,2821.095378637314,28.528358,0.59841321,0.99,0.01,17.74479119412601,1.4189385175704956,-0.0023425164908985607,0.04301635276642628,0.0367093319662672
1060,4074240,390,7545.196434497833,2874.8489093780518,28.446337,0.68127356,0.986,0.014,17.277519029341637,1.4189385175704956,-0.0025546298071276396,0.06509580512065441,0.0598756599065382
1080,4151040,390,7681.06348323822,2928.399565219879,28.220066,0.609606148,0.98,0.02,17.642907191377134,1.4189385175704956,-0.0011636607545369771,2.5040709499211515,0.08313968935544835
1100,4227840,391,7816.385675430298,2981.9649164676666,28.36537,0.7482401299999999,0.984,0.016,17.974623675905168,1.4189385175704956,-0.0008361660875380039,1.0456888414395507,0.07213376595755108
1120,4304640,391,7952.293711900711,3034.5552167892456,28.380032,0.563997736,0.986,0.014,17.796978581026195,1.4189385175704956,-0.001253430206156736,2.8255334333109206,0.05462938669734285
1140,4381440,391,8095.79248046875,3088.3719186782837,28.30972,0.563734444,0.988,0.012,18.037708653137088,1.4189385175704956,-0.0014249453393858857,0.07025156547897496,0.04389518342795782
1160,4458240,391,8245.284574270248,3143.333480119705,28.853735,0.61732647,0.994,0.006,18.19726620531082,1.4189385175704956,-0.0017697028114525893,0.04798540611518547,0.04623243583337171
1180,4535040,390,8394.2431037426,3198.640496969223,28.397163,0.585711972,0.986,0.014,18.214781781181692,1.4189385175704956,-0.0010037593776360155,1.9965411115030292,0.03267149694656837
1200,4611840,390,8540.242422580719,3253.264275074005,28.352228,0.584848008,0.982,0.018,17.897939579885453,1.4189385175704956,-0.0017892169232254674,2.536809349842952,0.031495155755692394
1220,4688640,390,8673.294247150421,3306.4820182323456,28.108284,0.630413296,0.98,0.02,17.792648940466343,1.4189385175704956,-0.0014590066573873627,1.3082265829434618,0.07410389177457546
1240,4765440,391,8808.492990016937,3359.8204658031464,28.692139,0.531609068,0.996,0.004,18.071834371455015,1.4189385175704956,-0.0002357686204049969,0.047423664765665306,0.029932019570696865
1260,4842240,391,8943.301925182343,3412.398867368698,28.926792,0.6083724419999998,0.994,0.006,18.251617849335073,1.4189385175704956,-0.0011157907341839747,0.8342851876106578,0.05648293603444472
1280,4919040,391,9078.65869307518,3465.5763490200043,28.546595,0.658391634,0.99,0.01,18.11206406730041,1.4189385175704956,-0.0011865312786540016,2.502051020646468,0.0793458045402076
1300,4995840,392,9210.548103570938,3519.01593208313,28.446472,0.569908808,0.99,0.01,17.962795093670486,1.4189385175704956,-0.001946212476468645,0.04955873942817561,0.061574449409090445
1320,5072640,391,9357.206534862518,3573.036724090576,28.524046,0.562377084,0.988,0.012,17.95032332264632,1.4189385175704956,-0.0006988331497268518,1.9685725445480784,0.07035743828455451
1340,5149440,392,9495.893251895905,3626.5230419635773,28.887978,0.5597547660000001,0.996,0.004,18.050804590784015,1.4189385175704956,-0.0007462253925041296,0.050850448594428596,0.08457988172158366
1360,5226240,392,9630.168476819992,3680.581657886505,28.418598,0.61067202,0.988,0.012,17.60174704154581,1.4189385175704956,-0.0015488244898733683,0.06595082813000772,0.054365354914625644
1380,5303040,391,9787.093505859375,3736.2780306339264,28.47227,0.525186486,0.986,0.014,17.454304469257593,1.4189385175704956,-0.0013642952544614673,1.754634776787134,0.032117421679140536
1400,5379840,391,9940.682115793228,3791.4075577259064,28.69374,0.543248248,0.992,0.008,17.97659268642962,1.4189385175704956,-0.0009448415541555733,1.2397678484616335,0.0689638681607903
1420,5456640,391,10088.36687707901,3846.55211520195,28.364634,0.558911162,0.986,0.014,17.67122482854128,1.4189385175704956,-0.001018966527772136,0.0896249401208479,0.05969018726755167
1440,5533440,391,10231.75598526001,3901.6347982883453,28.51529,0.50271895,0.99,0.01,17.776842679053544,1.4189385175704956,-0.0010305474395863711,1.415686198390904,0.0605188320580055
1460,5610240,391,10369.607666492462,3956.2853441238403,28.876997,0.5570033539999999,0.992,0.008,18.26905778492987,1.4189385175704956,-0.0005272661364870146,0.058627361216349524,0.08678596690660925
1480,5687040,391,10510.859722614288,4009.874984741211,28.579456,0.523411694,0.988,0.012,17.93541762830317,1.4189385175704956,-0.0006395938340574503,1.67765936802316,0.04410878759372281
1500,5763840,391,10650.945773124695,4064.34446310997,28.455473,0.48683795599999996,0.992,0.008,17.450837606154384,1.4189385175704956,-0.00012825150752178162,0.9831700964539778,0.06934807126963279
1520,5840640,391,10789.619089126587,4117.6241245269775,28.646566,0.546397896,0.988,0.012,17.883020559959114,1.4189385175704956,-0.001631807113517425,0.057105995243182404,0.03774850795889506
1540,5917440,391,10925.589968681335,4171.25483250618,28.222317,0.5845412,0.982,0.018,18.039501176461577,1.4189385175704956,-0.00040085118071147007,2.129730372314225,0.033172439428744836
1560,5994240,391,11062.981657981873,4225.112967014313,28.570198,0.6225756280000001,0.99,0.01,18.070705713242294,1.4189385175704956,-0.0025600803071938573,2.881872123791254,0.04078733215283137
1580,6071040,391,11200.743369102478,4278.264532804489,28.70188,0.510882006,0.994,0.006,17.987625167362392,1.4189385175704956,-0.000918698294844944,0.06913014048477635,0.0653766008792445
1600,6147840,391,11344.076462984085,4333.099708557129,28.400547,0.54484731,0.988,0.012,17.649084628745914,1.4189385175704956,-0.0007419069617753849,2.9586857508082174,0.06584859775030054
1620,6224640,391,11492.795793294907,4387.023741722107,28.567719,0.6014060600000001,0.988,0.012,18.109144855625928,1.4189385175704956,-0.0015196463176835096,1.1961796595773193,0.0698794094416371
1640,6301440,391,11645.032091140747,4443.2750742435455,28.74495,0.636482266,0.992,0.008,18.120332753982396,1.4189385175704956,-0.0013001633560634218,0.05630037259834353,0.04437785065092612
1660,6378240,391,11785.526655197144,4498.138283967972,28.37067,0.513732112,0.992,0.008,17.87820969902724,1.4189385175704956,-0.0009589969442458824,1.704183909497806,0.07242864618019666
1680,6455040,391,11926.35739159584,4551.992717266083,28.769241,0.5200395059999999,0.992,0.008,18.252552024781703,1.4189385175704956,-0.0009203261663060403,1.0581402087089373,0.09020539307384752
1700,6531840,391,12067.771322488785,4606.134063243866,28.693438,0.59648024,0.994,0.006,17.87875271895528,1.4189385175704956,-0.0019069417947321198,0.0720313269586768,0.059523404903302435
1720,6608640,391,12215.233152627945,4660.771862030029,28.664028,0.5568288579999999,0.988,0.012,18.029911421895026,1.4189385175704956,-0.0005279708537273109,2.657830842502881,0.043302486126776785
1740,6685440,390,12368.18077325821,4715.694509029388,27.86383,0.6060418919999999,0.974,0.026,18.082667538285257,1.4189385175704956,-0.0012794728565495462,1.11152601611102,0.06712664990918711
1760,6762240,390,12509.201523780823,4769.532893896103,28.796827,0.6317223639999999,0.998,0.002,17.993366018638014,1.4189385175704956,0.0013361672459723194,0.05322847354109399,0.039976849697995934
1780,6839040,390,12661.109962463379,4825.114736318588,28.337912,0.529642308,0.982,0.018,18.000480979446323,1.4189385175704956,-0.0005958052293863148,4.914461336017121,0.060706587457389105
1800,6915840,390,12798.016191959381,4879.348465681076,28.571028,0.496977132,0.996,0.004,17.582372942343355,1.4189385175704956,-0.0017152307395008393,0.05202420643763617,0.054966711958695666
1820,6992640,390,12949.966015338898,4934.81792807579,28.477783,0.58544957,0.99,0.01,18.06662426967919,1.4189385175704956,-0.002292556174506899,1.5556922519288492,0.04996499365952332
1840,7069440,390,13091.567365646362,4987.941463470459,29.000597,0.45770067999999997,0.998,0.002,18.22883770815283,1.4189385175704956,-0.002720415734802373,0.05091933514049742,0.06288966768188402
1860,7146240,390,13244.52609872818,5043.8004541397095,28.888899,0.507047142,0.994,0.006,18.03046051781997,1.4189385175704956,-0.0014798476244322956,0.06700968645163811,0.0485731644781481
1880,7223040,390,13385.341282844543,5097.639457464218,28.369457,0.5267880220000001,0.992,0.008,17.589269293010236,1.4189385175704956,-0.0007579658515169286,1.262795856888988,0.05112324486181023
1900,7299840,390,13527.271696805954,5151.42914390564,28.587473,0.480927034,0.99,0.01,18.159877931788564,1.4189385175704956,-0.0011980835928625312,2.719493064674316,0.07895607708196621
1920,7376640,390,13675.605633020401,5205.764490604401,28.603058,0.501397478,0.99,0.01,17.861408237230034,1.4189385175704956,-0.001882187531555246,0.0384857934579486,0.028847431102622067
1940,7453440,390,13813.880177021027,5260.092833042145,28.523981,0.59598684,0.982,0.018,17.896709245085717,1.4189385175704956,-0.0008418827434070409,2.0627738856273936,0.04565551531704841
1960,7530240,390,13954.372800827026,5313.34875202179,28.607025,0.46700319,0.994,0.006,17.793153561420738,1.4189385175704956,-0.001457830930075943,1.6349812479515093,0.07400355729769217
1980,7607040,390,14097.100807905197,5367.497285366058,28.430319,0.55042753,0.986,0.014,17.6406829033792,1.4189385175704956,-0.0014527065810398198,1.2510072144097648,0.038937311290646905
2000,7683840,390,14232.688160896301,5421.499487400055,28.411215,0.66663396,0.982,0.018,18.30514583159983,1.4189385175704956,-0.0001916114066261798,1.4644904940680135,0.07353304241696605
2020,7760640,390,14380.831182479858,5476.3014895915985,29.009789,0.58683467,0.996,0.004,18.298451577834786,1.4189385175704956,-0.0005037798087869305,0.05314573453215417,0.030720503402699252
2040,7837440,390,14529.815825223923,5531.191202402115,28.449606,0.6009380980000001,0.992,0.008,17.996975308913736,1.4189385175704956,-0.0005398017347033601,0.04952855122101028,0.048328268035402286
2060,7914240,390,14667.167023420334,5584.034246206284,28.525406,0.503687596,0.988,0.012,17.847847897463478,1.4189385175704956,-0.001713048187593813,0.28972568789613434,0.03780371876491699
2080,7991040,390,14811.353095293045,5637.5977103710175,28.847055,0.503549608,0.998,0.002,17.701203219934367,1.4189385175704956,-0.0011684821802191436,0.0839778906054562,0.04573116650353768
2100,8067840,390,14953.331367015839,5690.834629535675,28.713707,0.46752871199999996,0.992,0.008,17.893317286871373,1.4189385175704956,-0.0017020329982187833,0.055602987072779796,0.05817765263054753
2120,8144640,390,15094.78638458252,5745.650539398193,27.8825,0.583990522,0.976,0.024,17.930079086884856,1.4189385175704956,-0.0005335881542123388,4.329530869462178,0.06272439468011726
2140,8221440,390,15246.606274843216,5801.203627824783,27.924744,0.5173720719999999,0.98,0.02,18.046117022855206,1.4189385175704956,7.813005358912051e-05,2.2363736583327407,0.06184981099504512
2160,8298240,390,15385.197012662888,5855.035877466202,28.699429,0.5078409700000001,0.994,0.006,18.294744030334055,1.4189385175704956,-0.0012054140361215104,1.2491502579010558,0.04495975774916587
2180,8375040,390,15533.526086330414,5909.487841367722,28.692648,0.5389254759999998,0.988,0.012,18.186850333102047,1.4189385175704956,-0.001285629177436931,1.1118586549971952,0.058010381158965174
2200,8451840,390,15674.00638127327,5964.270290374756,28.653273,0.541799548,0.996,0.004,18.110562205828725,1.4189385175704956,-0.00110185127123259,0.05121560631960165,0.04321597805101192
2220,8528640,389,15826.975600719452,6019.506290435791,28.589754,0.47804938999999996,0.992,0.008,18.35690005919337,1.4189385175704956,-0.0008519776049070061,0.4957816233043559,0.045370338862994686
2240,8605440,389,15980.971405982971,6075.420408964157,28.454407,0.579725112,0.986,0.014,17.95443497557193,1.4189385175704956,-0.0017671224264631745,2.6911383900849613,0.037776549805130344
2260,8682240,389,16115.006355524063,6127.830265522003,28.565945,0.48400923800000006,0.986,0.014,18.011918406918646,1.4189385175704956,-0.0017265789280827449,2.0136956511210884,0.03522574504604563
2280,8759040,390,16249.981576681137,6181.892394781113,28.649416,0.58393297,0.984,0.016,18.125380531273784,1.4189385175704956,-0.0008576269505283562,3.8363512076146433,0.08763931633875473
2300,8835840,390,16382.460268974304,6234.988784313202,28.284513,0.590071504,0.984,0.016,18.18565582665056,1.4189385175704956,-0.0022194415606463735,0.06935637821734417,0.06004534700841759
2320,8912640,390,16517.585621356964,6288.437647819519,28.588287,0.5306578439999999,0.988,0.012,18.05700008509308,1.4189385175704956,-0.0008211774693336338,2.140504828665871,0.049420647558872585
2340,8989440,390,16664.940098047256,6342.934615373611,28.494762,0.451635762,0.992,0.008,17.978161822590977,1.4189385175704956,-0.0015298717538826168,0.0525696944037918,0.03908375925384462
2360,9066240,390,16807.886610031128,6397.179149627686,28.713398,0.557023232,0.99,0.01,18.212407785467803,1.4189385175704956,-0.0012362230336293578,0.03283857223286759,0.036486294009228
2380,9143040,390,16953.45305967331,6452.610517024994,28.074497,0.5215753059999999,0.98,0.02,17.851853309854864,1.4189385175704956,-0.0004212454477965366,1.0951314410165651,0.08876611516607227
2400,9219840,390,17095.431876420975,6506.571666479111,28.522394,0.540431552,0.984,0.016,18.010830833002924,1.4189385175704956,-0.0016788842811365611,1.4127285301568917,0.059392339519399685
2420,9296640,390,17234.732926607132,6560.3426425457,28.799883,0.49573968599999996,0.996,0.004,18.074344877321273,1.4189385175704956,-0.0010513136687222869,0.9746020621008938,0.0628483652282739
2440,9373440,390,17371.57981657982,6613.639285087585,28.693739,0.500209008,0.996,0.004,18.01214975205064,1.4189385175704956,-0.0010899256325501484,0.06330729480250738,0.054370766739884856
2460,9450240,390,17508.153665304184,6666.6879324913025,29.081367,0.470466404,0.996,0.004,18.30111699527502,1.4189385175704956,-0.001243685634835856,0.05392383991274983,0.04919010071171215
2480,9527040,390,17641.63640356064,6719.282608985901,28.789394,0.529271056,0.998,0.002,17.755391327291726,1.4189385175704956,-0.0014373837831954007,0.06617618112650234,0.08842525946020033
2500,9603840,390,17773.38762331009,6772.070913553238,28.66718,0.50524446,0.988,0.012,18.00666134186834,1.4189385175704956,-0.0017620550308492966,1.4786051808740013,0.04909599382954184
2520,9680640,390,17912.349828720093,6824.586301803589,28.83895,0.55138014,0.994,0.006,18.260959901642053,1.4189385175704956,-0.0008257220993982628,0.07070012059703004,0.05815778881951701
2540,9757440,390,18055.67007112503,6878.863548278809,28.221043,0.518205392,0.988,0.012,18.037199818421154,1.4189385175704956,-0.0005160775690455921,1.344871954288101,0.044628135961102086
2560,9834240,390,18194.31185555458,6931.950228691101,28.638601,0.5567053399999999,0.992,0.008,18.136999574862422,1.4189385175704956,-0.0003051656880415976,0.05461889451835304,0.036108250275719914
2580,9911040,390,18340.623449087143,6985.602079629898,29.120836,0.488174078,0.998,0.002,18.656246904667466,1.4189385175704956,-0.001309483835939318,0.04113307410443667,0.07544687461777358
2600,9987840,390,18483.74156308174,7039.776361703873,29.005678,0.537446362,0.996,0.004,18.320221304148436,1.4189385175704956,-0.001736709813849302,0.3842278583237203,0.04252387662272668
2620,10064640,390,18621.63305258751,7093.77823972702,28.534552,0.458347736,0.99,0.01,18.060415456041692,1.4189385175704956,-0.0020606877529644406,0.06910526315041352,0.03836350033307099
2640,10141440,391,18762.71358036995,7147.52610874176,28.650116,0.6118808020000001,0.99,0.01,18.485854697331785,1.4189385175704956,-0.0017422581991922924,0.6274651084968355,0.04360615605837666
2660,10218240,391,18901.043923139572,7201.007767915726,28.57828,0.568582312,0.992,0.008,18.172227315753698,1.4189385175704956,-0.0009543910287902691,0.04810559610778,0.029291530604677974
2680,10295040,391,19040.27821969986,7255.353014230728,28.256933,0.5051666659999999,0.982,0.018,18.3325374056641,1.4189385175704956,-0.0017314840486506,0.5881442865123973,0.06293217229831498
2700,10371840,390,19191.65219426155,7310.549191474915,28.695906,0.491717,0.994,0.006,17.825119321495293,1.4189385175704956,-0.0010766452982352349,0.053609934000996874,0.041208349607040874
2720,10448640,390,19333.346392393112,7363.571344614029,29.155659,0.583624418,0.998,0.002,18.95310506657604,1.4189385175704956,-0.0022301918460470916,0.06104865525267087,0.043651551102811936
2740,10525440,391,19474.80067563057,7416.855813264847,28.491806,0.48019421,0.988,0.012,18.322349654711783,1.4189385175704956,-0.0015802786914719037,0.6751598095142981,0.02723061575597967
2760,10602240,390,19621.42418074608,7470.562438249588,28.438745,0.40880285200000005,0.988,0.012,17.992023118343205,1.4189385175704956,-0.0019934353069402276,1.1530899301869795,0.054857067199918674
2780,10679040,390,19767.350114822388,7525.253022193909,28.779037,0.5426318980000001,0.994,0.006,18.237979265637694,1.4189385175704956,-0.0016411694974522105,0.05251664036186412,0.07372260015690699
2800,10755840,390,19905.233109235764,7579.329079627991,28.594372,0.490175676,0.99,0.01,18.06750738762319,1.4189385175704956,-0.0007372411501819443,1.2828256564826006,0.06841993959969841
2820,10832640,391,20036.054480075836,7632.980114221573,28.382444,0.62392513,0.988,0.012,18.427341407441535,1.4189385175704956,-0.0016479086682011257,1.1205805610399693,0.0614030440163333
2840,10909440,391,20171.58084154129,7685.808725357056,28.536562,0.550203714,0.988,0.012,18.40088187122345,1.4189385175704956,-0.0003559969685738906,1.3541494095872622,0.057374381973932034
2860,10986240,391,20314.089223623276,7738.960258960724,28.538954,0.45761774000000005,0.992,0.008,18.134356139458717,1.4189385175704956,-0.0021065529916086236,1.1277696587203536,0.07025268554425565
2880,11063040,391,20451.394638299942,7793.828664779663,28.50564,0.509271438,0.986,0.014,18.257331480681895,1.4189385175704956,-0.001916673651430756,1.225180069488124,0.02956067428312963
2900,11139840,391,20590.268916368484,7847.827981710434,28.503506,0.5393600279999999,0.994,0.006,18.3938562472295,1.4189385175704956,-0.0015339852012402843,0.07412551754096057,0.09510245566489176
2920,11216640,391,20740.66219973564,7904.143401384354,28.231133,0.56415339,0.984,0.016,18.4022395690158,1.4189385175704956,-0.001646183827239156,0.18521402128099,0.04925807362014893
2940,11293440,391,20884.325330495834,7958.644410848618,28.871248,0.456115976,0.998,0.002,18.062363584965468,1.4189385175704956,-0.002179727313341573,0.06937097131740302,0.04381983954954194
2960,11370240,391,21036.463816404343,8013.316499948502,28.454777,0.569623762,0.988,0.012,18.292055385440587,1.4189385175704956,-0.0013509668278857134,2.7343386435182766,0.03991303844595677
2980,11447040,391,21174.67840027809,8066.719525814056,28.621702,0.49233659599999996,0.992,0.008,18.24661098831892,1.4189385175704956,-0.0009979769056371879,0.3646613011835143,0.06660814638307784
3000,11523840,391,21309.544639348984,8118.960022211075,28.597664,0.462518276,0.992,0.008,18.075859910868108,1.4189385175704956,-0.0024685924603545573,0.04902801048883702,0.05794821184026659
3020,11600640,391,21443.17061662674,8171.84853720665,28.482391,0.521644146,0.99,0.01,18.185209536969662,1.4189385175704956,-0.001772320261807181,1.4036878818034892,0.040317067641444736
3040,11677440,391,21578.59899020195,8225.153983831406,28.530367,0.47708964000000004,0.996,0.004,18.347719970680775,1.4189385175704956,-0.0016085517068859189,0.9817959848034661,0.06799921506390091
3060,11754240,391,21713.59097456932,8278.400245904922,28.738735,0.4676059999999999,0.996,0.004,18.284578994072973,1.4189385175704956,-0.0014688798059069087,0.05948588438623119,0.03054031025603763
3080,11831040,391,21853.330537557602,8332.918726921082,29.086529,0.607871102,0.996,0.004,18.569069142341615,1.4189385175704956,-0.00160384699338465,0.06766164707951247,0.030683141338522547
3100,11907840,391,21988.100843667984,8385.441049098969,28.631752,0.554250036,0.99,0.01,18.254602604174988,1.4189385175704956,-0.0013340642908588052,1.1547820369014516,0.06734036661218852
3120,11984640,391,22121.290063619614,8438.008725643158,28.926098,0.556328416,0.996,0.004,18.311465396866204,1.4189385175704956,-0.0015189800558800925,1.11992544765817,0.08709705231740372
3140,12061440,391,22261.485006809235,8491.541991710663,28.639906,0.528839008,0.994,0.006,18.28261104404926,1.4189385175704956,-0.0015504848045566177,0.7009104147931794,0.042060865703388114
3160,12138240,391,22395.322509765625,8544.981715917587,28.853542,0.46638816399999994,0.998,0.002,18.262764222379772,1.4189385175704956,-0.001885313204547856,0.07156244751822669,0.06081203128997004
3180,12215040,391,22540.14445590973,8599.560364961624,28.681953,0.519378408,0.992,0.008,18.048501956753434,1.4189385175704956,-0.0012706363123015762,0.07542152853275183,0.038921103196480546
3200,12291840,391,22691.4279859066,8655.773577928543,28.419739,0.590028868,0.984,0.016,18.049225073188545,1.4189385175704956,-0.0021521789145481306,2.533190545433899,0.03996675112575758
3220,12368640,391,22829.05990600586,8709.644531965256,28.402077,0.45807167600000004,0.992,0.008,18.29409995340556,1.4189385175704956,-0.002400270522412029,0.05476385859656148,0.02278606473846594
3240,12445440,391,22967.009932756424,8763.442137241364,28.674425,0.366534498,0.994,0.006,18.252184854120017,1.4189385175704956,-0.0019035007997445063,1.2537614304572344,0.03483869100455195
3260,12522240,391,23111.533256292343,8817.652884244919,28.686434,0.517389548,0.99,0.01,18.30132079435559,1.4189385175704956,-0.0017748458663845667,1.3246884612337453,0.0762736664590193
3280,12599040,391,23262.580211400986,8872.951376199722,28.811703,0.4993865879999999,0.99,0.01,18.703899140924214,1.4189385175704956,-0.0017204031595611014,0.06648745838319883,0.055021400898840514
3300,12675840,391,23413.272777557373,8927.955299377441,28.787144,0.549925404,0.992,0.008,18.596401648528875,1.4189385175704956,-0.0017204036135808564,0.049006682384060696,0.03411327140565845
3320,12752640,391,23553.05764245987,8982.418544054031,28.921782,0.486719562,0.994,0.006,18.664763048656283,1.4189385175704956,-0.0018262378085637464,0.07779690402676351,0.03941534715850139
3340,12829440,391,23705.469648361206,9037.059510707855,28.662254,0.522574422,0.992,0.008,18.283963387854396,1.4189385175704956,-0.0011363385274307802,1.7804912213003263,0.0526282322651241
3360,12906240,391,23857.25881075859,9092.151045322418,28.736418,0.47757827,0.996,0.004,17.997789764311165,1.4189385175704956,-0.0023006127201369965,0.06973191621364094,0.03696384141803719
3380,12983040,391,24002.944084882736,9146.406899929047,28.729683,0.492288234,0.992,0.008,18.433874223157762,1.4189385175704956,-0.002477080892504091,0.07989803155651316,0.053763057774631307
3400,13059840,391,24144.03589963913,9200.058299064636,28.617207,0.539922862,0.996,0.004,17.990153849944473,1.4189385175704956,-0.00175195930787595,0.06703919326537289,0.03880510836315807
3420,13136640,391,24276.638430595398,9254.050076246262,28.318165,0.5137770380000001,0.986,0.014,18.42049754190445,1.4189385175704956,-0.0002559591011959128,0.16489322389534208,0.04701414279697928
3440,13213440,391,24414.13692522049,9307.163541793823,28.900414,0.418701992,0.996,0.004,18.370636865265666,1.4189385175704956,-0.00215779627833399,0.07656023053568788,0.0477550280149444
3460,13290240,391,24553.9162003994,9361.30866765976,28.799301,0.501001638,0.996,0.004,18.463486260028557,1.4189385175704956,-0.002451748443127144,1.1372156514960807,0.05627923498104792
3480,13367040,391,24695.987234592438,9416.655554533005,28.799873,0.466506102,1.0,0.0,17.92593695309013,1.4189385175704956,-0.0003570178800146095,0.07357961086090654,0.05568092102184892
3500,13443840,391,24849.05644273758,9473.307950735092,28.55449,0.45807234599999996,0.986,0.014,18.31686490702629,1.4189385175704956,-0.0004231082953992882,0.05540512977750041,0.03522937975794775
