misc/nupdates,misc/total_timesteps,fps,eprewmean,loss/policy_entropy,loss/policy_loss,loss/value_loss
20,80640,204,-0.21630982,1.4189385175704956,-0.0016011810745112597,7.925033258926123
40,157440,201,11.979968,1.4189385175704956,0.00024833847247691666,9.89792366065085
60,234240,202,19.15031,1.4189385175704956,0.0026621848599461375,8.467880125530064
80,311040,202,22.161043,1.4189385175704956,0.0020888394759822405,9.673314067348837
100,387840,203,22.750832,1.4189385175704956,0.00018187073001172394,9.599658331461251
120,464640,202,24.166546,1.4189385175704956,0.0007879073076765053,8.938493721047417
140,541440,202,24.456787,1.4189385175704956,-0.00013951651199022307,8.571205884986558
160,618240,202,25.38585,1.4189385175704956,-7.364790872088633e-05,7.416476717265323
180,695040,202,25.42709,1.4189385175704956,0.0010947476950605051,6.83581492054509
200,771840,201,26.520636,1.4189385175704956,-0.0002418779200525023,2.906422025419306
220,848640,201,25.742348,1.4189385175704956,-0.0001163004260888556,5.153283402498346
240,925440,203,26.726332,1.4189385175704956,0.0006430340195947793,4.537963441706961
260,1002240,209,26.379778,1.4189385175704956,0.0010485131671885029,5.530588020809228
280,1079040,214,26.474186,1.4189385175704956,0.002076677393051796,8.243640209216391
300,1155840,218,27.361158,1.4189385175704956,0.001757175732336691,2.2823712623590837
320,1232640,223,27.443275,1.4189385175704956,0.00105138902872568,3.032057560229441
340,1309440,226,27.770243,1.4189385175704956,0.0011164760882820702,0.06434849579818547
360,1386240,230,27.994946,1.4189385175704956,0.0007355138455750421,3.626481047051493
380,1463040,233,27.746832,1.4189385175704956,0.0011945886333705857,4.431172097189119
400,1539840,235,28.185703,1.4189385175704956,0.0006308928914222633,0.2990672970016021
420,1616640,238,27.902607,1.4189385175704956,0.002140884862092207,1.9977096693881322
440,1693440,240,28.06012,1.4189385175704956,0.0020547959011310013,2.0737479915173025
460,1770240,243,28.260675,1.4189385175704956,0.00013661039556609467,0.18203450213477482
480,1847040,245,28.31779,1.4189385175704956,0.001931472384603694,0.041118477610871194
500,1923840,247,28.293983,1.4189385175704956,0.00013917275434778277,0.7425120461703045
520,2000640,250,28.336596,1.4189385175704956,0.0012078726467734668,1.5521059849925223
540,2077440,252,27.872662,1.4189385175704956,0.0025349924555484902,1.6237113433715422
560,2154240,253,28.022455,1.4189385175704956,0.0019071848375460832,1.0719354609551375
580,2231040,255,28.402395,1.4189385175704956,0.002192712199757807,2.705052554132999
600,2307840,257,28.452429,1.4189385175704956,0.00015448621170435217,0.998031659690605
620,2384640,259,28.30014,1.4189385175704956,0.0016638920325476648,4.0649225790723
640,2461440,260,28.917593,1.4189385175704956,0.005276367176702479,0.028244232707947958
660,2538240,262,28.439829,1.4189385175704956,0.0034936739451950417,2.528650935312908
680,2615040,263,28.199715,1.4189385175704956,0.0035285689700685907,0.02297684990480775
700,2691840,264,28.48719,1.4189385175704956,0.0020862580880930182,0.9111380100803217
720,2768640,266,28.627201,1.4189385175704956,0.0021237105924228673,2.398320381309895
740,2845440,267,28.335981,1.4189385175704956,0.002283047504715796,0.360144152524299
760,2922240,268,28.673798,1.4189385175704956,0.0013119545206791371,0.030605766460939775
780,2999040,269,28.872253,1.4189385175704956,0.0015450660495844204,0.0455872568563791
800,3075840,270,28.377838,1.4189385175704956,0.0035206256892706734,0.019809691789851057
820,3152640,271,28.551617,1.4189385175704956,0.0025946928839402973,0.02049435405351687
840,3229440,272,28.633512,1.4189385175704956,0.0013295829805429094,1.3271497643007024
860,3306240,273,28.388195,1.4189385175704956,0.001291660608694656,2.6889825958453004
880,3383040,274,28.184992,1.4189385175704956,0.0025181981260175234,0.05728451745235361
900,3459840,275,28.43739,1.4189385175704956,0.0029908955839346163,1.3095103845240375
920,3536640,276,28.681097,1.4189385175704956,0.0004511917491527129,0.9514701691208757
940,3613440,277,28.683434,1.4189385175704956,-0.0008451438756310381,0.9390027666435344
960,3690240,277,28.499172,1.4189385175704956,0.002451060728571974,1.3359006744853104
980,3767040,278,28.519516,1.4189385175704956,0.0015152375510297134,1.1587854576326209
1000,3843840,279,28.520348,1.4189385175704956,0.0014708277376485057,0.6086832613087608
1020,3920640,279,27.99709,1.4189385175704956,0.0016794901821413077,0.21136041677673348
1040,3997440,280,28.907223,1.4189385175704956,0.003213242029596586,0.8735927549816551
1060,4074240,281,28.327864,1.4189385175704956,0.0005680583919456695,2.2314768793206894
1080,4151040,281,28.556456,1.4189385175704956,0.00148615005055035,0.023954643328033855
1100,4227840,282,28.730879,1.4189385175704956,0.0009265403559766128,0.4396664256884833
1120,4304640,283,27.985765,1.4189385175704956,0.0018827893498382764,0.04454743952665012
1140,4381440,283,28.214046,1.4189385175704956,0.0007807409492670558,1.2727335115720053
1160,4458240,284,28.698786,1.4189385175704956,0.0007738903441349976,0.9535250895889475
1180,4535040,284,28.518225,1.4189385175704956,0.003242651499022031,0.03781826205085963
1200,4611840,285,28.353716,1.4189385175704956,0.009790328827511985,2.481555819713685
1220,4688640,285,28.589565,1.4189385175704956,0.001622379705440835,0.7112356495505082
1240,4765440,286,28.537281,1.4189385175704956,0.003114317599829519,1.952554667100776
1260,4842240,286,27.70565,1.4189385175704956,0.0037076139087730553,1.8236237652701675
1280,4919040,287,27.705017,1.4189385175704956,0.0013171078182494967,2.9507779920648316
1300,4995840,287,28.451704,1.4189385175704956,0.0012990656803594902,0.022665099980076774
1320,5072640,288,27.928614,1.4189385175704956,0.0048388272392912764,4.439313088664494
1340,5149440,288,28.476286,1.4189385175704956,0.0015845722722588108,1.0211201251950115
1360,5226240,288,28.429476,1.4189385175704956,0.001554447808302939,0.047195211933285464
1380,5303040,289,28.51289,1.4189385175704956,-0.0009644410441978834,0.43828079287777655
1400,5379840,289,28.546465,1.4189385175704956,0.001676914758172643,0.025940464112500193
1420,5456640,289,28.624996,1.4189385175704956,0.002966867171926424,0.026530405708763284
1440,5533440,290,28.413996,1.4189385175704956,0.0015478685701964423,0.04189345328923082
1460,5610240,290,28.415104,1.4189385175704956,0.0010751735773737892,1.5974484658276196
1480,5687040,290,28.099129,1.4189385175704956,0.0030898407829226928,0.03916214275086531
1500,5763840,291,28.704489,1.4189385175704956,0.0038484800716105383,0.025842375912179704
1520,5840640,291,28.107836,1.4189385175704956,0.0006259645539103076,0.971253896849521
1540,5917440,291,28.06722,1.4189385175704956,0.004578707837572438,0.042317608755547555
1560,5994240,292,28.280014,1.4189385175704956,0.0003214026743080467,0.956710098774056
1580,6071040,292,28.365025,1.4189385175704956,0.0025233895525161643,0.04716029299597722
1600,6147840,292,28.47434,1.4189385175704956,0.0013849644659785555,2.918936902897258
1620,6224640,293,28.504755,1.4189385175704956,0.0032552985852817074,0.03974966896494152
1640,6301440,293,28.474323,1.4189385175704956,0.0025897865736624224,1.7242424020223552
1660,6378240,293,28.200218,1.4189385175704956,0.0017102576304750983,1.572398432425689
1680,6455040,294,28.031067,1.4189385175704956,0.0038422469384386203,4.423778519274492
1700,6531840,294,28.49271,1.4189385175704956,0.0027224230012507177,1.2191232294673682
1720,6608640,294,28.652443,1.4189385175704956,0.0027628167954389937,0.036216903249442114
1740,6685440,294,28.264704,1.4189385175704956,0.00227706769364886,2.3228321032453096
1760,6762240,294,28.606873,1.4189385175704956,0.001994236456357612,0.042501763030304576
1780,6839040,294,28.303528,1.4189385175704956,0.0017316374658548738,2.9926102250261466
1800,6915840,295,28.481724,1.4189385175704956,-0.0007686969227506779,0.8117890237597749
1820,6992640,295,28.405796,1.4189385175704956,0.0005147051531821489,0.9720443408703432
1840,7069440,295,28.42516,1.4189385175704956,0.0012428312125848605,1.408595022195368
1860,7146240,295,28.308578,1.4189385175704956,0.0029726762644713745,1.3206676487257938
1880,7223040,295,28.645319,1.4189385175704956,0.004003920710965758,1.0880609645479127
1900,7299840,295,28.355122,1.4189385175704956,0.00236879057670194,1.7600613766699098
1920,7376640,295,28.219887,1.4189385175704956,0.0030735347252630165,1.1892562160268425
1940,7453440,295,28.432941,1.4189385175704956,0.002434239686772344,2.1104512695848827
1960,7530240,295,28.532225,1.4189385175704956,0.000942446775661665,1.8038951394526521
1980,7607040,295,28.113922,1.4189385175704956,0.0033439110080507816,3.9922636019124185
2000,7683840,296,28.229519,1.4189385175704956,0.004318755122949369,1.9956904567268794
2020,7760640,296,28.761208,1.4189385175704956,0.0002003589237574488,1.5176656013616594
2040,7837440,296,28.583475,1.4189385175704956,0.001334369999494811,0.6987050019641174
2060,7914240,296,28.66393,1.4189385175704956,0.001629660166508984,0.028643040895985905
2080,7991040,296,28.301184,1.4189385175704956,0.005217746508969867,0.034733492063242014
2100,8067840,296,28.13578,1.4189385175704956,0.0016158397117578716,1.1697322733452893
2120,8144640,296,28.298813,1.4189385175704956,0.0035265117534436286,0.9614294734841679
2140,8221440,296,28.811476,1.4189385175704956,0.0028254494962311584,1.456178921861283
2160,8298240,297,27.946169,1.4189385175704956,0.0014696291123982518,0.03777942867309321
2180,8375040,297,28.203613,1.4189385175704956,0.005053382771438919,0.0344078481735778
2200,8451840,297,28.4607,1.4189385175704956,0.0007040523996693082,1.3950536279153312
2220,8528640,297,28.405836,1.4189385175704956,0.00262257419526577,1.8873996002221247
2240,8605440,297,28.351406,1.4189385175704956,0.0017733356041844672,3.8205499979376327
2260,8682240,297,28.785692,1.4189385175704956,0.0006445588282076642,1.2221919759729645
2280,8759040,297,28.337896,1.4189385175704956,0.004189165648131166,1.464193966081075
2300,8835840,297,28.145586,1.4189385175704956,0.003970529055368388,1.2679005937476178
2320,8912640,298,28.552519,1.4189385175704956,0.0026654559278540546,0.9455563498457196
2340,8989440,298,28.100624,1.4189385175704956,0.001895987114403397,1.0269866197108057
2360,9066240,298,27.842796,1.4189385175704956,0.0017078860866604373,0.04325471808988368
2380,9143040,298,28.327208,1.4189385175704956,0.0009755740968103055,1.2814106869838724
2400,9219840,298,28.31947,1.4189385175704956,0.0015997399343177677,1.5259287950902944
2420,9296640,298,28.33516,1.4189385175704956,0.0038871545548317954,0.030870798822434153
2440,9373440,299,28.632175,1.4189385175704956,0.0015648746266379021,1.6559778988113976
2460,9450240,299,28.446648,1.4189385175704956,0.003672870126320049,0.031713004066841674
2480,9527040,299,28.375055,1.4189385175704956,0.001727823716646526,2.1219062816380756
2500,9603840,299,28.80943,1.4189385175704956,0.003692037107248325,0.039356663034413944
2520,9680640,299,28.288376,1.4189385175704956,0.0008124622821924276,1.3241479170916137
2540,9757440,299,28.371103,1.4189385175704956,0.00039640069444430993,0.04116480551601853
2560,9834240,299,28.603043,1.4189385175704956,0.0025145733205135913,0.02702351873886073
2580,9911040,299,28.37204,1.4189385175704956,0.004161730497435201,0.022040300484513865
2600,9987840,299,28.274294,1.4189385175704956,0.00042320784414187076,0.013993101168307476
2620,10064640,299,28.490269,1.4189385175704956,0.00023218651913339272,4.802098977574497
2640,10141440,299,28.649294,1.4189385175704956,0.0006459504598751664,1.971117768525437
2660,10218240,299,28.432253,1.4189385175704956,0.0014646140682089027,1.1577812474446545
2680,10295040,299,28.71011,1.4189385175704956,0.0015378345604403875,0.03969372879582807
2700,10371840,298,28.427519,1.4189385175704956,8.593487436883151e-05,0.9227272493619239
2720,10448640,296,28.363674,1.4189385175704956,0.0031391266080390778,0.029767406177415977
2740,10525440,295,28.360174,1.4189385175704956,0.0022193584220076444,1.225803411164088
2760,10602240,294,28.335405,1.4189385175704956,0.0016383173904614523,0.028218125118291935
2780,10679040,293,28.509912,1.4189385175704956,0.0015655164203053572,1.157232770966948
2800,10755840,292,28.633795,1.4189385175704956,0.001222489778592717,1.99141844229016
2820,10832640,291,28.764694,1.4189385175704956,0.0033761570484784897,0.018893038529495244
2840,10909440,290,28.32334,1.4189385175704956,0.001697926658380311,3.487275028118165
2860,10986240,289,28.355204,1.4189385175704956,-0.00042843872324738186,1.9785674793471117
2880,11063040,288,28.182156,1.4189385175704956,0.002103306814387906,3.4245416106365156
2900,11139840,287,28.820002,1.4189385175704956,0.002738684543874115,0.0322762373209116
2920,11216640,286,28.190811,1.4189385175704956,0.0023042750130116475,2.492752976709744
2940,11293440,286,28.558254,1.4189385175704956,0.0027452116299173214,1.340414426838106
2960,11370240,285,28.265003,1.4189385175704956,0.0037923546842648648,4.775976658970467
2980,11447040,284,28.185827,1.4189385175704956,0.0032008666959882246,5.732566531143675
3000,11523840,283,28.568222,1.4189385175704956,0.006052265094331233,1.0198241564794444
3020,11600640,282,28.131464,1.4189385175704956,0.003711762421153253,1.1417183251091045
3040,11677440,282,28.55181,1.4189385175704956,0.0010778231220683666,1.8901210551790428
3060,11754240,283,28.175676,1.4189385175704956,0.0024352445907425135,2.633779099243111
3080,11831040,283,28.470898,1.4189385175704956,0.00159567136579426,2.4703347224058234
3100,11907840,283,28.322575,1.4189385175704956,0.001650212401727913,0.9901774998987094
3120,11984640,283,28.501211,1.4189385175704956,2.0072646293556318e-05,3.688108854969323
3140,12061440,283,28.56906,1.4189385175704956,0.005299527459624187,0.042914816661505026
3160,12138240,284,28.519453,1.4189385175704956,0.0006544119154568761,1.2666234021569835
3180,12215040,284,28.666779,1.4189385175704956,0.005078309204509424,0.05111523707746528
3200,12291840,284,28.572449,1.4189385175704956,0.0020662953989813103,0.04360691127367318
3220,12368640,284,28.696768,1.4189385175704956,0.0029867933604691642,0.870014813473972
3240,12445440,284,28.325375,1.4189385175704956,0.00024359342623938573,1.0918896658840822
3260,12522240,285,28.964195,1.4189385175704956,0.0017729425424477085,1.2727598834972014
3280,12599040,285,28.542524,1.4189385175704956,0.002633700047590537,0.6553532025936875
3300,12675840,285,28.67583,1.4189385175704956,0.006722985539090587,0.038917932387266777
3320,12752640,285,28.76948,1.4189385175704956,0.0038003170398127396,0.03209634029481094
3340,12829440,285,28.622868,1.4189385175704956,0.0010367849317844957,1.352900874207262
3360,12906240,286,28.237337,1.4189385175704956,0.00027232865377300184,2.1478187924425582
3380,12983040,286,28.640768,1.4189385175704956,0.001574697391697555,0.03331633138295729
3400,13059840,286,28.724253,1.4189385175704956,0.0011997207875538152,1.2462090914668806
3420,13136640,286,28.554026,1.4189385175704956,0.0022907236765604467,3.4920616296469236
3440,13213440,286,28.525389,1.4189385175704956,0.003274847180728102,1.7498017638616148
3460,13290240,287,28.273575,1.4189385175704956,0.00491817066213116,3.319022898846015
3480,13367040,287,29.062094,1.4189385175704956,0.0019496617256663739,0.027713775252050255
3500,13443840,287,28.580992,1.4189385175704956,0.0017321953549981118,1.0372236621944466
3520,13520640,287,28.687117,1.4189385175704956,0.001970807796897134,1.2987009259668412
3540,13597440,287,28.822933,1.4189385175704956,0.0008999199708341621,1.1285433086974082
3560,13674240,287,28.776114,1.4189385175704956,0.0017542935514939018,0.6659801087997039
3580,13751040,288,28.607216,1.4189385175704956,0.003119372210858273,2.4278007782610076
3600,13827840,288,28.045317,1.4189385175704956,0.0022460854719611235,1.2454466685754597
3620,13904640,288,28.291897,1.4189385175704956,0.0010269547201460227,2.3921364013600397
3640,13981440,288,28.856903,1.4189385175704956,0.0023445767976227215,0.026229301461717112
3660,14058240,288,28.36277,1.4189385175704956,0.001043467589715874,1.5495466570646386
3680,14135040,288,28.693792,1.4189385175704956,0.0005802359897643328,0.024199626037443522
3700,14211840,289,28.15689,1.4189385175704956,0.0033699736020935235,1.515516708335781
3720,14288640,289,28.485304,1.4189385175704956,0.0031558787377434783,0.7863955580905895
3740,14365440,289,28.445559,1.4189385175704956,0.0013115594862028956,0.5766466437147756
3760,14442240,289,28.461285,1.4189385175704956,0.0018470149141649017,0.014999389369040727
3780,14519040,289,28.547762,1.4189385175704956,0.005491904047084972,1.2412055825974675
3800,14595840,289,28.683851,1.4189385175704956,0.0011156585460412316,0.024019881703861757
3820,14672640,289,28.358301,1.4189385175704956,0.002350505469439668,0.018652940445463173
3840,14749440,290,28.117483,1.4189385175704956,0.0012400461637298577,3.4819095868777366
3860,14826240,290,28.553185,1.4189385175704956,0.001526542630745098,0.037318108949693854
3880,14903040,290,28.304638,1.4189385175704956,0.0010333156976230385,1.8061334601399721
3900,14979840,290,28.271835,1.4189385175704956,0.003491493544424884,1.103746237330779
3920,15056640,290,28.395124,1.4189385175704956,0.0010731863701948896,0.042778083217854146
3940,15133440,290,28.288004,1.4189385175704956,0.0009310333931352943,0.9956496508762939
3960,15210240,290,28.608564,1.4189385175704956,0.0020884611338260585,0.034034053001960274
3980,15287040,291,28.514263,1.4189385175704956,0.0015805728442501276,1.383703408081783
4000,15363840,291,28.1405,1.4189385175704956,0.0024751447439484765,0.9332830213097623
4020,15440640,291,28.564394,1.4189385175704956,0.00018262278754264117,1.4196776375625633
4040,15517440,291,28.163963,1.4189385175704956,0.0023023088928312064,0.046162655104126316
4060,15594240,291,28.559172,1.4189385175704956,0.002350048001972027,2.7116039510030534
4080,15671040,291,28.545893,1.4189385175704956,0.0016239256947301328,0.03794215056841495
4100,15747840,291,28.643545,1.4189385175704956,0.0017278749190154485,1.1168389113488957
4120,15824640,291,28.030064,1.4189385175704956,0.002450309611231205,2.6483898588398005
4140,15901440,292,28.597462,1.4189385175704956,0.0008369309885893017,1.3210962483266484
4160,15978240,292,28.481483,1.4189385175704956,0.00038299540901789444,0.030400079891842326
4180,16055040,292,28.486917,1.4189385175704956,0.0008227015350712463,2.4477558478538413
4200,16131840,292,27.713991,1.4189385175704956,0.0009248380607459694,1.080932257666427
4220,16208640,292,28.82317,1.4189385175704956,0.0020699429951491766,0.024029895743296947
4240,16285440,292,28.539469,1.4189385175704956,-0.0002089264045935124,0.02264945272982004
4260,16362240,292,28.11659,1.4189385175704956,0.0010698763107939158,3.1732006425459987
4280,16439040,292,28.18423,1.4189385175704956,0.00019745542085729538,1.1754046395377373
4300,16515840,293,28.752035,1.4189385175704956,0.0016443495158455334,0.024823823367478327
4320,16592640,293,28.577593,1.4189385175704956,0.0019300640997244045,0.049552222903002985
4340,16669440,293,28.238546,1.4189385175704956,0.0018471458519343288,0.19462727677819203
4360,16746240,293,28.347734,1.4189385175704956,0.0015248164087097392,2.108394928117923
4380,16823040,293,28.265106,1.4189385175704956,0.0010894666331296321,2.081809217722912
4400,16899840,293,28.832531,1.4189385175704956,0.0012130183411500183,1.179888330877293
4420,16976640,293,28.64396,1.4189385175704956,0.0004573382728267461,1.1738757457322209
4440,17053440,293,28.43366,1.4189385175704956,0.002763694703025976,1.4971915272348268
4460,17130240,294,28.829134,1.4189385175704956,0.004122803395148367,0.03681735282880254
4480,17207040,294,28.425291,1.4189385175704956,0.002747623984078018,2.9061974146592546
4500,17283840,294,28.272388,1.4189385175704956,0.0007003194652497769,0.5618044747592649
4520,17360640,294,28.750977,1.4189385175704956,-0.00023400072532240302,3.0597948959999486
4540,17437440,294,28.072529,1.4189385175704956,0.0024840165508067,2.6790505892160583
4560,17514240,294,28.513235,1.4189385175704956,0.002452659749542363,1.4297439593530725
4580,17591040,294,28.342281,1.4189385175704956,-0.00012696054836851544,0.4069821688099182
4600,17667840,294,28.473036,1.4189385175704956,-0.00010338312713429332,0.026643491256982087
4620,17744640,294,29.11807,1.4189385175704956,0.003393920553207863,0.03235645588865736
4640,17821440,295,28.55193,1.4189385175704956,0.0009374850964377401,1.2781821682496228
4660,17898240,295,28.710009,1.4189385175704956,0.0012714603682979942,0.02994398947485024
4680,17975040,295,28.25589,1.4189385175704956,0.0009736230316775618,1.4748213701132045
4700,18051840,295,28.469698,1.4189385175704956,0.0008183465426554904,1.1081786129652755
4720,18128640,295,28.316402,1.4189385175704956,0.0019189128885045647,0.024163032307114918
4740,18205440,295,28.633272,1.4189385175704956,0.0007724261900875718,1.596454804688983
4760,18282240,295,28.773386,1.4189385175704956,0.0011815269390353933,0.046664604711986614
4780,18359040,295,28.67489,1.4189385175704956,0.00224340187269263,2.6644972467940535
4800,18435840,295,28.550323,1.4189385175704956,0.001497479194222251,3.892058622848708
4820,18512640,296,28.855417,1.4189385175704956,0.006856106102350168,0.03879850450612139
4840,18589440,296,28.69112,1.4189385175704956,0.00047901023244776295,1.1910753806536376
4860,18666240,296,28.41382,1.4189385175704956,-3.233809366065543e-05,0.037933893098670526
4880,18743040,296,28.660479,1.4189385175704956,0.001920549460737675,0.03927839908428723
4900,18819840,296,28.755499,1.4189385175704956,0.0008262011811893899,1.3220732564368518
4920,18896640,296,28.391542,1.4189385175704956,0.000925983561319299,1.3078853389975849
4940,18973440,296,28.53998,1.4189385175704956,0.0008715536518138833,0.6982585752586601
4960,19050240,295,28.39009,1.4189385175704956,0.0006507014622911811,1.5529879928479204
4980,19127040,296,28.62086,1.4189385175704956,-0.001410890941042453,0.8566701775023831
5000,19203840,296,28.870188,1.4189385175704956,0.0012598562615494303,0.3664607771963347
5020,19280640,296,28.416368,1.4189385175704956,-0.0006654474487731932,2.58806220340266
5040,19357440,296,28.600407,1.4189385175704956,0.0030937046627514063,1.3587526801638887
5060,19434240,296,28.218395,1.4189385175704956,0.0031291887193219737,1.1727430185244885
5080,19511040,296,28.6404,1.4189385175704956,0.0026956228204653597,1.7226710657327202
5100,19587840,296,28.672043,1.4189385175704956,-0.0007077427479089237,1.0277460320634417
5120,19664640,296,28.644218,1.4189385175704956,0.00022150212316773832,0.3197166660349467
5140,19741440,296,28.951056,1.4189385175704956,0.0009186356062627965,0.02777780895412434
5160,19818240,296,29.004345,1.4189385175704956,0.00033630616235313937,1.4206568779904045
5180,19895040,296,28.785212,1.4189385175704956,0.0005032706092606531,1.1910121400491334
5200,19971840,296,28.520094,1.4189385175704956,0.004268096096348017,1.3895462200889597
