misc/nupdates,misc/total_timesteps,fps,eprewmean,epsuccessmean,epcollisionmean,eppathlengthmean,loss/policy_entropy,loss/policy_loss,loss/value_loss
20,80640,414,-16.506582,0.0,0.8,23.29194697053358,1.4189385175704956,-0.0007399712634651223,6.928869734983891
40,157440,460,-10.233118,0.008,0.678,29.025843711981317,1.4189385175704956,0.0014314892527181656,4.0211317915469404
60,234240,480,-1.497582,0.112,0.566,30.746272975256435,1.4189385175704956,0.0007963248779560672,4.568072448857128
80,311040,491,4.288863,0.19,0.466,32.760547251341166,1.4189385175704956,0.002437034708327701,3.121688764169812
100,387840,497,9.177085,0.428,0.432,28.83678627597203,1.4189385175704956,0.004474590207973961,6.073544300533831
120,464640,501,12.567406,0.588,0.396,23.76329406753648,1.4189385175704956,0.010004573115838866,11.96918563991785
140,541440,503,16.004675,0.676,0.318,25.075452194132552,1.4189385175704956,0.009227777346859511,12.65040507055819
160,618240,505,16.017935,0.682,0.31,23.79745847500721,1.4189385175704956,0.011239635673427983,9.36260010935366
180,695040,507,18.001984,0.732,0.262,25.160243284188212,1.4189385175704956,0.0130922530675889,8.695412391610443
200,771840,509,18.127218,0.73,0.246,27.847332067634444,1.4189385175704956,0.010430277800696785,9.707375798933208
220,848640,509,17.662996,0.72,0.276,25.468850860366597,1.4189385175704956,0.012221488927025348,10.571814618911594
240,925440,510,20.271328,0.784,0.202,26.693391987707933,1.4189385175704956,0.009539650855003856,5.573506037564949
260,1002240,511,19.734127,0.762,0.222,25.894079331700922,1.4189385175704956,0.006138760587782599,8.594590699672699
280,1079040,511,19.553158,0.766,0.226,24.979095944294706,1.4189385175704956,0.006449515276472084,13.174735977873206
300,1155840,511,20.479645,0.786,0.212,23.779426510086747,1.4189385175704956,0.010137350783588772,10.285085549671203
320,1232640,511,19.889938,0.774,0.224,23.113084291241133,1.4189385175704956,0.009228816111863125,9.009662404283882
340,1309440,511,20.981714,0.8,0.196,23.22205684905313,1.4189385175704956,0.011397345474688337,11.820407575275748
360,1386240,511,19.638086,0.766,0.234,22.12433068120014,1.4189385175704956,0.010193993292341474,12.158245020592584
380,1463040,511,20.406183,0.788,0.212,22.65834467914421,1.4189385175704956,0.00894121366145555,10.664509406173602
400,1539840,511,20.051828,0.782,0.218,22.736691256965276,1.4189385175704956,0.00715430905111134,9.238336261082441
420,1616640,511,21.640116,0.816,0.184,23.80503693467728,1.4189385175704956,0.0092523546947632,11.093495285976678
440,1693440,511,23.209078,0.852,0.142,24.994954695656897,1.4189385175704956,0.011601057938969461,5.678793994570151
460,1770240,511,21.93397,0.826,0.166,24.811288787063212,1.4189385175704956,0.00684476818278199,6.46484610196203
480,1847040,511,22.739132,0.842,0.15,25.61078294072952,1.4189385175704956,0.015660022787051274,6.73066135472618
500,1923840,511,22.317394,0.834,0.16,24.205456038529054,1.4189385175704956,0.008657749916892499,5.560507750324905
520,2000640,511,24.187576,0.874,0.118,26.23705036579678,1.4189385175704956,0.00700720549266407,3.4888643510639668
540,2077440,512,23.221716,0.858,0.134,26.4504035420008,1.4189385175704956,0.006596177265055303,8.144501646375284
560,2154240,512,24.227774,0.878,0.11,27.29311738344282,1.4189385175704956,0.0075052488973597065,3.6498828609474003
580,2231040,513,24.671227,0.886,0.108,25.405336521008053,1.4189385175704956,0.0033646184285316847,3.5876414072699845
600,2307840,513,23.22541,0.854,0.14,25.09544066724507,1.4189385175704956,0.00767814368909967,5.181926364544779
620,2384640,514,21.302465,0.806,0.186,24.878000653410563,1.4189385175704956,0.017465847564744764,7.784535470139235
640,2461440,514,21.92952,0.822,0.176,24.38043114078883,1.4189385175704956,0.005581773916492239,6.706060164654628
660,2538240,514,22.544533,0.844,0.152,24.44756559223868,1.4189385175704956,0.010009645261743572,9.823839057935402
680,2615040,515,21.753544,0.818,0.182,21.814700530609116,1.4189385175704956,0.009162716270657257,12.288817312102765
700,2691840,515,24.094055,0.878,0.122,22.53171861280105,1.4189385175704956,0.0019989079417428003,5.434297607303597
720,2768640,515,23.778906,0.874,0.126,22.80063469948666,1.4189385175704956,0.0035838140633131844,6.586907810764387
740,2845440,515,22.946535,0.846,0.15,23.397585041498765,1.4189385175704956,0.0036626304045057623,10.098918191390112
760,2922240,515,22.953445,0.848,0.152,22.287181256981565,1.4189385175704956,0.006701421784237027,9.697537192492746
780,2999040,515,24.837395,0.896,0.102,23.926350811342708,1.4189385175704956,0.004931832701549866,4.298416894813999
800,3075840,515,23.883518,0.87,0.126,23.92283387336135,1.4189385175704956,0.0031469071007450113,7.841320492839441
820,3152640,516,25.321957,0.904,0.092,25.824946867164225,1.4189385175704956,0.0018206866519903998,0.48914367640390993
840,3229440,516,26.206532,0.928,0.072,25.957690631289967,1.4189385175704956,0.00503666618023999,2.8905855622608216
860,3306240,516,24.517513,0.89,0.11,25.239419665100986,1.4189385175704956,0.0047077485694899225,3.8616376997437327
880,3383040,516,25.974648,0.916,0.08,25.637938407607376,1.4189385175704956,0.0023544572455193704,1.237684625852853
900,3459840,516,25.143206,0.908,0.092,24.850686357945204,1.4189385175704956,0.005960962329845642,6.817318195977714
920,3536640,516,25.058758,0.904,0.094,25.119258329883216,1.4189385175704956,0.002835056288722626,5.202528054919094
940,3613440,516,23.88345,0.874,0.126,23.274976004910656,1.4189385175704956,0.006698936682369094,7.053970060823485
960,3690240,517,25.313435,0.906,0.094,23.245311472097413,1.4189385175704956,0.0023762413587974152,5.289012951590121
980,3767040,517,25.459063,0.912,0.088,23.952818313326688,1.4189385175704956,0.004332171135865792,2.759519824862946
1000,3843840,517,24.401117,0.89,0.11,24.15501737456862,1.4189385175704956,0.003433426151968888,3.9548630620818583
1020,3920640,517,23.460712,0.864,0.136,23.64521038935613,1.4189385175704956,0.005511548132926691,3.1786092376336454
1040,3997440,517,24.919418,0.9,0.1,23.68869468329102,1.4189385175704956,0.0029891989237512463,5.172710449108854
1060,4074240,518,25.034403,0.9,0.096,24.192268735190854,1.4189385175704956,0.0015401022712467239,7.258517898223363
1080,4151040,518,25.829044,0.92,0.08,25.31866207449511,1.4189385175704956,0.006762340648856479,4.39797608286608
1100,4227840,518,26.354193,0.928,0.07,24.93554700699821,1.4189385175704956,0.0019912281197321134,2.0649942848132925
1120,4304640,518,25.333601,0.91,0.088,24.84577798408363,1.4189385175704956,0.0028805062924220693,3.6200340651907026
1140,4381440,518,24.576359,0.894,0.106,23.26457703088038,1.4189385175704956,0.006658251234330237,5.3744413293199615
1160,4458240,518,24.647596,0.894,0.104,23.803300858678295,1.4189385175704956,0.00523807346180547,2.0086116545135155
1180,4535040,518,25.020042,0.906,0.094,23.262880755779335,1.4189385175704956,0.004812313636193721,9.331802633800544
1200,4611840,518,23.436827,0.866,0.134,22.050270641833542,1.4189385175704956,0.0035350227961316706,4.852248042309657
1220,4688640,518,23.656206,0.868,0.132,23.90615376673732,1.4189385175704956,0.006138036470292718,11.252332406840287
1240,4765440,518,25.973335,0.93,0.068,23.942076972617766,1.4189385175704956,0.003271728861727752,6.498824181733653
1260,4842240,518,24.509981,0.89,0.11,23.274923286666628,1.4189385175704956,0.007590352567876835,6.091494720801711
1280,4919040,519,26.238375,0.926,0.072,24.302699153637512,1.4189385175704956,0.004468660191923846,5.4740765347611156
1300,4995840,519,26.099722,0.93,0.068,25.436848063681275,1.4189385175704956,0.004380213319018366,2.8786350606940685
1320,5072640,519,24.821892,0.9,0.1,23.688457020165398,1.4189385175704956,0.003533611250895774,4.809745311830193
1340,5149440,519,24.135809,0.88,0.118,23.853040998698212,1.4189385175704956,0.00394567077019019,4.5636526718735695
1360,5226240,519,24.73525,0.894,0.106,23.651323155084626,1.4189385175704956,0.005853196801035665,6.257633891585283
1380,5303040,519,22.953094,0.856,0.138,23.841068927478045,1.4189385175704956,0.006038318257196806,5.3543972364161165
1400,5379840,519,25.070082,0.902,0.096,24.562662070346995,1.4189385175704956,0.0026727319462224843,4.782851806469262
1420,5456640,519,25.090141,0.898,0.098,23.660482574425636,1.4189385175704956,0.0067776980067719705,4.229910284117795
1440,5533440,519,25.65416,0.918,0.082,24.07715344208572,1.4189385175704956,0.003190124177490361,3.533781528810505
1460,5610240,519,25.523062,0.912,0.088,24.022450655788184,1.4189385175704956,0.003090712137054652,1.927088878536597
1480,5687040,520,25.26862,0.902,0.098,23.48125497022737,1.4189385175704956,0.00444618996407371,5.670673391129822
1500,5763840,520,25.316784,0.91,0.09,23.14234725591913,1.4189385175704956,0.0015905846026726066,2.545874411682598
1520,5840640,520,26.148098,0.926,0.074,23.451787256817333,1.4189385175704956,0.0027013801838620564,4.181736678839661
1540,5917440,520,25.368,0.914,0.086,23.945266156196595,1.4189385175704956,0.0027904022063012235,4.957302200351842
1560,5994240,520,26.415327,0.936,0.062,24.282483007687844,1.4189385175704956,0.006936308214790188,2.893687282106839
1580,6071040,520,26.547146,0.934,0.066,24.406189323460683,1.4189385175704956,0.004545914045593236,5.551226697629318
1600,6147840,520,23.317863,0.862,0.138,23.577998919520528,1.4189385175704956,0.0065000310103641825,4.553959469404072
1620,6224640,520,24.83772,0.896,0.1,24.87761866392754,1.4189385175704956,0.003544122069433797,4.293262611539103
1640,6301440,520,24.79371,0.9,0.098,24.258261707523836,1.4189385175704956,0.00351300502934464,6.327598159341141
1660,6378240,520,25.291454,0.904,0.09,24.219763213972563,1.4189385175704956,0.0009472135003306903,4.642431148746982
1680,6455040,520,25.074703,0.906,0.092,24.197727816337952,1.4189385175704956,0.0051854724035365505,4.612417235714384
1700,6531840,520,24.892284,0.908,0.09,23.50166832594294,1.4189385175704956,0.0034348701938142767,3.891892015468329
1720,6608640,520,25.28716,0.906,0.09,23.715761217719876,1.4189385175704956,0.0005162301793461665,2.9725163467228413
1740,6685440,520,24.365633,0.88,0.118,23.49075382559374,1.4189385175704956,0.0014667323222965934,6.065857338299975
1760,6762240,520,25.272875,0.91,0.088,24.312882930565625,1.4189385175704956,0.0033279044926530334,8.22041176899802
1780,6839040,520,24.67913,0.894,0.102,24.763631724532694,1.4189385175704956,0.0029831943626049905,2.894834917737171
1800,6915840,520,25.648796,0.914,0.084,23.854809081628918,1.4189385175704956,0.003979845381400083,2.5330687538487835
1820,6992640,520,25.127539,0.892,0.104,24.4309529755665,1.4189385175704956,0.002395931909995852,6.116016958118417
1840,7069440,520,25.932236,0.926,0.074,23.93804098559916,1.4189385175704956,0.0016224621133005713,4.043145972164348
1860,7146240,520,24.717361,0.89,0.108,24.454272233975587,1.4189385175704956,0.004736933839740232,5.862321465671994
1880,7223040,521,23.74678,0.874,0.124,24.366920204787515,1.4189385175704956,0.00320975518116029,9.017505744611844
1900,7299840,521,26.019726,0.922,0.072,25.429038451682775,1.4189385175704956,0.0035263370529719394,5.284971103863791
1920,7376640,521,24.931082,0.902,0.098,24.570818717775868,1.4189385175704956,0.0014585869172151432,6.511315931379795
1940,7453440,521,23.799902,0.872,0.124,24.538350314523093,1.4189385175704956,0.006340209292829968,4.87400805177167
1960,7530240,521,25.660994,0.924,0.074,24.069500218873845,1.4189385175704956,0.0057783739088336,3.5503283745143563
1980,7607040,521,25.94425,0.918,0.08,24.668751719277353,1.4189385175704956,0.00014010856684762985,3.224266577232629
2000,7683840,521,25.29559,0.914,0.086,24.321175743389876,1.4189385175704956,0.006864772149128839,7.661267705517821
2020,7760640,521,25.551186,0.916,0.084,23.972256914958358,1.4189385175704956,0.004254802050127182,4.759241156512871
2040,7837440,521,25.747828,0.92,0.078,23.99668769710697,1.4189385175704956,0.00039196849102154376,1.6518454358796588
2060,7914240,521,25.308485,0.912,0.088,24.3213240906829,1.4189385175704956,0.0015293331409338862,2.742534178425558
2080,7991040,521,24.299994,0.89,0.11,23.94264488921268,1.4189385175704956,0.0023883503865363307,5.582402412849478
2100,8067840,521,25.679049,0.914,0.084,24.347465877431446,1.4189385175704956,0.001019559575797757,2.2879971372894943
2120,8144640,521,25.45216,0.912,0.086,24.70187247593794,1.4189385175704956,0.002851660586293292,4.165085188788362
2140,8221440,521,24.59663,0.89,0.106,25.32295224330388,1.4189385175704956,0.002755418331071269,3.8812322528799994
2160,8298240,521,24.42949,0.89,0.106,23.376411880348808,1.4189385175704956,0.0012660286087339046,4.279282246064395
2180,8375040,521,24.72912,0.892,0.108,24.166415855685248,1.4189385175704956,-0.0004516114480793476,8.321973116323353
2200,8451840,522,25.105238,0.906,0.092,24.904724715590476,1.4189385175704956,0.0026062157354317605,3.8969672391656784
2220,8528640,522,25.332691,0.912,0.088,24.12093607302848,1.4189385175704956,0.00038103596307337284,8.356365926959551
2240,8605440,522,24.684538,0.9,0.098,23.818323150491807,1.4189385175704956,0.002919425036816392,3.228131145145744
2260,8682240,522,25.548903,0.918,0.078,24.0299568834994,1.4189385175704956,0.00021792195693706162,2.9381936635123567
2280,8759040,522,26.362848,0.938,0.062,24.253459210671483,1.4189385175704956,0.002088786897002137,2.416889083129354
2300,8835840,522,26.005615,0.926,0.072,24.155750811429694,1.4189385175704956,0.00040608140279800863,1.8268417321611197
2320,8912640,522,25.983425,0.926,0.07,24.125701557246035,1.4189385175704956,-0.0017123939847806468,0.629777300148271
2340,8989440,522,26.33354,0.932,0.066,24.623079585711473,1.4189385175704956,0.001706102078242111,3.478308585751802
2360,9066240,522,25.664745,0.922,0.078,24.17151776057016,1.4189385175704956,0.0012478200136683882,2.6693716077366845
2380,9143040,522,24.633064,0.894,0.106,23.957428701981904,1.4189385175704956,0.0045898704946012005,8.52504140548408
2400,9219840,522,25.257868,0.912,0.086,24.37488674463332,1.4189385175704956,0.0012959452302311546,3.8280971702188253
2420,9296640,522,26.308043,0.932,0.066,25.936661449784413,1.4189385175704956,0.0014670335949631408,4.766434464976191
2440,9373440,522,24.980156,0.906,0.092,24.472635776791723,1.4189385175704956,0.0004483758326387033,3.292829343327321
2460,9450240,521,25.048792,0.904,0.096,25.738540372652,1.4189385175704956,0.001527638146035315,3.4767250102479013
2480,9527040,522,24.54338,0.894,0.104,24.99123063823581,1.4189385175704956,0.0002788045268971473,5.728212915873155
2500,9603840,522,24.528128,0.892,0.104,24.52638357380964,1.4189385175704956,0.00030980922747403383,8.357327395165338
2520,9680640,522,24.800184,0.898,0.1,25.419036322813483,1.4189385175704956,-0.0010728188128268812,3.912893025181256
2540,9757440,522,25.824583,0.918,0.082,26.016390035405756,1.4189385175704956,0.001646262221493089,3.94962060386315
2560,9834240,522,25.428558,0.906,0.09,25.777482095867395,1.4189385175704956,0.0017414680289220997,3.0215459448983895
2580,9911040,522,25.30691,0.904,0.082,25.638593105841426,1.4189385175704956,0.003497609133773949,3.2821403371402993
2600,9987840,522,24.186895,0.886,0.114,24.395367502968757,1.4189385175704956,0.0007008145006693667,10.84926379530225
2620,10064640,522,25.409395,0.914,0.084,25.29063014778495,1.4189385175704956,-0.002962154475244461,0.29004166652448476
2640,10141440,522,25.065453,0.912,0.084,25.02023498414457,1.4189385175704956,0.00046739597692067034,5.4227912641596046
2660,10218240,523,25.251764,0.912,0.086,25.040942038705573,1.4189385175704956,0.0018753731448668987,6.811206265492364
2680,10295040,523,25.686155,0.924,0.076,24.712348061989584,1.4189385175704956,-0.000832902618276421,2.3655031862435862
2700,10371840,523,24.870808,0.9,0.096,24.501417024187745,1.4189385175704956,0.003572366557636997,3.432888248655945
2720,10448640,523,25.266321,0.908,0.09,25.150385299323126,1.4189385175704956,0.0021955050411634146,5.920378984510899
2740,10525440,523,24.259314,0.886,0.114,24.142932457879187,1.4189385175704956,-0.001399476404185407,7.425338273704983
2760,10602240,523,25.49164,0.914,0.082,25.12216510159243,1.4189385175704956,0.0010146527492906898,3.7744742955081163
2780,10679040,523,23.351625,0.86,0.136,24.67768332817452,1.4189385175704956,-0.0002384204650297761,3.57545660356991
2800,10755840,523,24.213305,0.884,0.11,25.498765714596956,1.4189385175704956,0.004517417656825273,6.278567826654762
2820,10832640,523,24.59275,0.894,0.102,26.390168103059754,1.4189385175704956,-0.0027293014485621826,1.6399874256923794
2840,10909440,523,25.95083,0.92,0.074,26.7688969752728,1.4189385175704956,-0.00295145013515139,1.420915187126957
2860,10986240,523,25.555986,0.914,0.082,25.952603529337793,1.4189385175704956,0.0010279545713274274,3.5734353590989487
2880,11063040,524,26.306581,0.932,0.068,26.693270452046768,1.4189385175704956,-0.00045637789480679203,2.2694567578146234
2900,11139840,524,25.725666,0.926,0.072,26.596796854406595,1.4189385175704956,-0.0013613413398616103,1.7849014417733997
2920,11216640,524,26.11886,0.924,0.064,28.40504888407234,1.4189385175704956,-0.00021140669414307923,1.8984312627930193
2940,11293440,524,25.347433,0.906,0.082,28.33397775953915,1.4189385175704956,-0.0009088727441849187,5.169639074616134
2960,11370240,524,26.303312,0.93,0.06,28.039175346192437,1.4189385175704956,0.000343439028802095,2.4450050282292066
2980,11447040,524,25.097265,0.908,0.084,26.872553593125193,1.4189385175704956,0.0009375086214276962,2.864441267051734
3000,11523840,524,26.10172,0.932,0.064,26.423578722706065,1.4189385175704956,-0.0021939630474662407,2.7050379802007227
3020,11600640,524,26.639826,0.946,0.054,27.261924470601603,1.4189385175704956,0.003471887670093565,2.951247095305007
3040,11677440,524,26.70212,0.948,0.048,27.028759685802275,1.4189385175704956,-0.0033092064259108156,1.6687480205204337
3060,11754240,524,25.976688,0.926,0.068,26.270158560136334,1.4189385175704956,-0.004017310427661869,2.198103052005172
3080,11831040,525,26.305439,0.936,0.062,26.141819061993623,1.4189385175704956,-0.0007368694814431365,1.9305274992948398
3100,11907840,525,25.862062,0.932,0.068,25.55334727254324,1.4189385175704956,0.0002150721804355271,1.801939533930272
3120,11984640,525,25.559847,0.91,0.084,26.07381839819625,1.4189385175704956,-0.0008981361719634151,3.2992959511466324
3140,12061440,525,26.757223,0.944,0.054,25.894632567072286,1.4189385175704956,-0.0017016295507346513,2.9781338289380073
3160,12138240,525,26.480923,0.942,0.058,26.17918599522067,1.4189385175704956,-0.00233427186976769,1.728700534044765
3180,12215040,525,25.922934,0.924,0.07,25.915766272786072,1.4189385175704956,-0.0009962143172742798,2.46611186794471
3200,12291840,525,25.99612,0.922,0.06,27.62974581326719,1.4189385175704956,-0.00021182709315326065,4.0980478809098715
3220,12368640,525,25.543106,0.91,0.084,27.145960537973792,1.4189385175704956,-0.0010580923317320412,3.5847257593413815
3240,12445440,525,26.59437,0.936,0.052,28.330936777753756,1.4189385175704956,-0.0015338207635068103,3.047243051964324
3260,12522240,525,26.451677,0.938,0.06,26.043923383592396,1.4189385175704956,-0.003324316496218671,3.911249711411074
3280,12599040,525,26.996819,0.952,0.042,26.232880270267838,1.4189385175704956,0.0019999208219815046,3.871848857612349
3300,12675840,525,27.032328,0.954,0.044,27.295299184563568,1.4189385175704956,-0.0021237423323327677,3.603010536590591
3320,12752640,525,25.128492,0.904,0.09,26.162805940257385,1.4189385175704956,0.005626305149053224,5.336133518768475
3340,12829440,525,25.744097,0.924,0.072,24.998493610426785,1.4189385175704956,0.005299982384894974,6.69028058978729
3360,12906240,526,26.679262,0.946,0.052,25.2351696113348,1.4189385175704956,-0.00030616944713983684,2.385385596647393
3380,12983040,526,25.7928,0.926,0.072,24.771479878474025,1.4189385175704956,0.0015136735688429325,0.9572962898761034
3400,13059840,526,26.367735,0.94,0.06,24.332957941152156,1.4189385175704956,-0.0015914583185804077,6.931927599688061
3420,13136640,526,25.686535,0.924,0.076,24.41723796114698,1.4189385175704956,0.001608029905037256,3.815438005584292
3440,13213440,526,26.779358,0.946,0.052,25.391174605507402,1.4189385175704956,-0.0006819323514264397,3.45552499104524
3460,13290240,526,26.122704,0.928,0.072,25.68474742035009,1.4189385175704956,0.0001891950218123384,7.821608198329341
3480,13367040,526,26.32514,0.93,0.068,25.84296160403732,1.4189385175704956,-0.0013565340312197804,0.6646740203723311
3500,13443840,526,26.495953,0.94,0.058,26.369040997278876,1.4189385175704956,0.003023156659946835,2.391802520235069
3520,13520640,526,25.983654,0.93,0.068,25.569478702200577,1.4189385175704956,5.069193084636936e-05,3.6937476321356373
3540,13597440,526,27.062716,0.952,0.048,25.506523903170834,1.4189385175704956,0.0008421306905802339,2.0389644662034696
3560,13674240,526,26.949968,0.95,0.048,26.46636463341629,1.4189385175704956,-0.0001591182517586276,2.274904059898108
3580,13751040,526,25.777504,0.93,0.068,25.326919811820613,1.4189385175704956,0.004206202899513301,4.814160390174948
3600,13827840,526,26.557178,0.936,0.06,26.303868562037124,1.4189385175704956,0.00413825691269949,3.6971538288984447
3620,13904640,526,26.950945,0.95,0.048,26.22522623551823,1.4189385175704956,0.0022826660177088344,2.3887050807476045
3640,13981440,526,27.00764,0.95,0.046,25.52454900275916,1.4189385175704956,0.003281793287533219,2.838899574102834
3660,14058240,526,26.51851,0.938,0.058,25.858428891769027,1.4189385175704956,0.0027411998467869124,4.5321935674641285
3680,14135040,526,27.000902,0.942,0.052,26.652278667835052,1.4189385175704956,-0.001338805317209335,1.7299842358566822
3700,14211840,526,25.838562,0.926,0.07,25.091811549347824,1.4189385175704956,-0.0018991861257745767,1.9035860119387507
3720,14288640,526,26.85453,0.946,0.052,26.11861466617533,1.4189385175704956,-0.0007199445484729949,0.9413292825687677
3740,14365440,526,26.806469,0.946,0.054,25.65639613020234,1.4189385175704956,-0.002463722665561363,3.2009994807420297
3760,14442240,526,25.652262,0.924,0.074,24.38628635685344,1.4189385175704956,0.00233519634748518,3.9375592812430114
3780,14519040,526,25.681175,0.92,0.08,24.390020825700834,1.4189385175704956,-0.0016239830612903461,4.948469697218388
3800,14595840,526,26.657652,0.944,0.056,25.51469524487108,1.4189385175704956,-0.0005462477824039524,5.103177622705698
3820,14672640,527,26.78934,0.946,0.054,25.822308353397997,1.4189385175704956,0.0020677699030784424,3.4274177114944906
3840,14749440,527,26.365044,0.936,0.064,25.763451830979438,1.4189385175704956,0.001094902252225438,4.409281801222823
3860,14826240,527,25.651093,0.92,0.08,25.008864218635484,1.4189385175704956,-0.0007549881496743182,3.4509284181287514
3880,14903040,527,26.673153,0.95,0.05,25.35364668854524,1.4189385175704956,0.0012235405447427183,1.0418541719904169
3900,14979840,527,25.945637,0.924,0.074,25.66484943029098,1.4189385175704956,0.0010897262051003053,8.230454412172548
3920,15056640,527,25.499104,0.914,0.084,25.006502031723038,1.4189385175704956,2.8746855241479353e-05,5.185925148124807
3940,15133440,527,26.80089,0.942,0.056,25.48317476879619,1.4189385175704956,0.0025703520062961616,2.0657605822663756
3960,15210240,527,25.981152,0.93,0.064,25.678532006409018,1.4189385175704956,-3.051934199902462e-05,4.811112328968011
3980,15287040,527,24.984537,0.908,0.084,25.750196969253476,1.4189385175704956,0.002598738661617972,4.103024848806672
4000,15363840,527,26.314827,0.934,0.062,25.763161465123297,1.4189385175704956,-0.0004940964732668363,2.968783551384695
4020,15440640,527,26.042164,0.926,0.07,25.90179322964698,1.4189385175704956,-0.0008010811041458509,2.851338939764537
4040,15517440,528,25.917538,0.922,0.076,26.04678715887293,1.4189385175704956,-0.0014955960272345693,2.1690998749108985
4060,15594240,529,26.948326,0.954,0.044,26.363263620439916,1.4189385175704956,-0.0010434086492750795,1.9844485115027055
4080,15671040,530,26.866167,0.95,0.05,25.969935154905542,1.4189385175704956,-0.0010625280134263448,4.414181275572628
4100,15747840,531,26.43465,0.942,0.058,26.232721714719197,1.4189385175704956,-0.0006189987398101948,2.1373254097998142
4120,15824640,532,26.79027,0.944,0.052,27.066006596246734,1.4189385175704956,-0.0014679320593131706,2.0150330861331893
4140,15901440,533,26.110317,0.926,0.072,26.656779329733922,1.4189385175704956,-0.0006585492919839453,3.056085631600581
4160,15978240,534,26.471344,0.94,0.056,27.112529326179995,1.4189385175704956,-0.003074680573990918,0.26203950671479104
4180,16055040,535,26.768991,0.938,0.052,27.420459430365824,1.4189385175704956,0.0007943808432173682,1.9578393842559307
4200,16131840,536,26.591969,0.936,0.06,27.16468357503321,1.4189385175704956,0.0009923201621859334,3.444638388766907
4220,16208640,537,26.337929,0.936,0.06,26.950725839134307,1.4189385175704956,0.00038270956283668054,4.185410580667667
4240,16285440,538,27.447634,0.96,0.036,27.348625288038516,1.4189385175704956,0.0008534797430911567,1.6148102057632059
4260,16362240,539,26.664667,0.942,0.056,27.348772184798495,1.4189385175704956,0.0027181461526140536,0.9444868026068434
4280,16439040,540,25.59845,0.924,0.076,25.776389768834225,1.4189385175704956,0.0029585294294520283,2.5975809499388562
4300,16515840,541,26.311323,0.938,0.058,27.0900305575002,1.4189385175704956,-0.001653782244102331,3.8077513311291113
4320,16592640,542,27.001125,0.95,0.048,26.550750311248937,1.4189385175704956,0.001609471972915344,4.44588388481643
4340,16669440,543,26.671387,0.944,0.05,26.446846998688766,1.4189385175704956,-0.00023755290676490403,2.2321950626559555
4360,16746240,544,26.471819,0.936,0.06,27.086009118018673,1.4189385175704956,0.0001763529988238588,3.269122909277212
4380,16823040,545,27.112741,0.958,0.04,27.189323720072395,1.4189385175704956,-0.0006336117599857971,2.0924742703093218
4400,16899840,546,27.265694,0.96,0.038,26.525369310023727,1.4189385175704956,0.006624243710393785,1.8622729216236622
4420,16976640,546,26.392744,0.94,0.06,25.848994546331465,1.4189385175704956,0.0010192922607529908,3.7517940934281797
4440,17053440,547,25.947363,0.926,0.074,25.856627643508837,1.4189385175704956,0.00044588939781533556,3.561196406534873
4460,17130240,548,27.518028,0.962,0.034,26.605728286761792,1.4189385175704956,-0.00304654691099131,1.4475857987301424
4480,17207040,549,26.154074,0.93,0.068,25.921993587184698,1.4189385175704956,-0.00019618607911979779,4.605885896482505
4500,17283840,550,26.310955,0.934,0.066,25.801882714234292,1.4189385175704956,0.0016869705126737245,3.2942113366909327
4520,17360640,551,26.546967,0.938,0.06,26.12033848354034,1.4189385175704956,0.0003359951282618567,2.6791409621946514
4540,17437440,552,26.937609,0.952,0.048,26.5515609793365,1.4189385175704956,-0.0014129196933936328,2.107659584272187
4560,17514240,553,26.439137,0.938,0.062,26.337325856138953,1.4189385175704956,-0.002562148708420864,2.7607301621697844
4580,17591040,554,27.029032,0.952,0.048,25.60543706472777,1.4189385175704956,0.0009929346557328244,1.1746321419253944
4600,17667840,555,26.803236,0.948,0.042,27.148528683373705,1.4189385175704956,-0.0014246958136936883,2.8362423459999264
4620,17744640,555,25.918427,0.928,0.068,27.16365648561623,1.4189385175704956,0.004825144956703298,2.7205633764853703
4640,17821440,556,27.263538,0.96,0.036,27.231994594363496,1.4189385175704956,-0.002832717585079081,4.056015122088138
4660,17898240,557,26.128958,0.936,0.064,25.34025579552073,1.4189385175704956,-0.001514442200459598,1.5213790921145118
4680,17975040,558,26.836824,0.954,0.046,25.92396218100935,1.4189385175704956,0.0004953001708599914,3.1733765964861957
4700,18051840,559,26.032337,0.93,0.068,25.75722691625543,1.4189385175704956,-0.002539956651162356,6.84671386750415
4720,18128640,560,25.989555,0.928,0.07,25.695164304427802,1.4189385175704956,-0.001812151821286534,2.5826843710849063
4740,18205440,561,25.742086,0.914,0.084,25.583624835516325,1.4189385175704956,-0.0005584888956946088,5.7941012525931
4760,18282240,561,24.908285,0.904,0.094,24.928744161937384,1.4189385175704956,0.001805147142295027,5.027824395336211
4780,18359040,562,25.942175,0.924,0.068,25.81266844625585,1.4189385175704956,0.003077299604046857,6.629235866875388
4800,18435840,563,25.403688,0.92,0.078,24.893589724482503,1.4189385175704956,-0.0014305731914646459,1.9143926178570836
4820,18512640,564,26.962742,0.954,0.046,25.040896074546502,1.4189385175704956,-0.00223049767955672,3.011236429377459
4840,18589440,565,27.002148,0.948,0.048,26.11861848801607,1.4189385175704956,-0.001608655188465491,1.8935148881748318
4860,18666240,565,26.357235,0.934,0.066,25.274959325802513,1.4189385175704956,-0.0008986787164758425,0.32993532563559713
4880,18743040,566,25.905806,0.924,0.074,26.301451209039893,1.4189385175704956,-0.002618294621061068,4.728396213776432
4900,18819840,567,27.112883,0.952,0.046,26.79083700665622,1.4189385175704956,0.0003619153469117009,1.5076821408118122
4920,18896640,568,27.138487,0.956,0.044,25.959344745363108,1.4189385175704956,0.0035684255213709547,2.6828556973021476
4940,18973440,569,26.415476,0.938,0.062,25.68845343653299,1.4189385175704956,0.003854834143567132,4.5813680505380034
4960,19050240,570,25.696161,0.926,0.074,24.868543879812584,1.4189385175704956,0.0023672397757763973,2.4658212926471608
4980,19127040,570,26.832464,0.948,0.052,26.21864992135484,1.4189385175704956,0.002380382606497733,2.1188014407642184
5000,19203840,571,26.061628,0.926,0.068,26.583426187105477,1.4189385175704956,-0.00038772641273681073,3.8155649387743322
5020,19280640,572,23.785446,0.872,0.122,25.124360398906283,1.4189385175704956,-0.00331191260520427,4.4764143052976575
5040,19357440,573,25.324892,0.912,0.086,26.41990602857806,1.4189385175704956,-0.001786359325342346,1.6252543801441788
5060,19434240,573,26.141165,0.938,0.062,25.598291979946197,1.4189385175704956,0.0034452017389412504,5.320730034715962
5080,19511040,574,26.239658,0.932,0.062,26.11423207692895,1.4189385175704956,-0.00021682594378944487,2.35660054506734
5100,19587840,575,26.079668,0.932,0.068,26.382111721601337,1.4189385175704956,1.0429917892906816e-06,2.7395894380751997
5120,19664640,576,26.869606,0.95,0.042,27.023356870802118,1.4189385175704956,-0.0003455281781498343,3.0393947082804518
5140,19741440,577,26.673727,0.938,0.058,26.98630946786329,1.4189385175704956,0.00019350433140061796,1.0465653487714008
5160,19818240,577,27.342617,0.962,0.038,26.65342966052331,1.4189385175704956,-0.0030232614564738467,1.5340562036028131
5180,19895040,578,27.079887,0.95,0.048,26.52703326160647,1.4189385175704956,-0.0038253002159763126,2.2713744450360536
5200,19971840,579,26.951164,0.948,0.046,26.72329572494887,1.4189385175704956,-0.0030485194394714197,1.1440543303033337
